schema,benchmark,scene,build_type,compiler,bodies,step,warmup,timestep_s,candidate_pairs,collision_checks,contacts,correction_checks,broad_phase_ms,narrow_phase_ms,solver_ms,physics_step_ms,total_frame_ms
1,collision-naive,separated-spheres,Release,AppleClang-21.0.0.21000101,5000,0,2,0.008333,12497500,12497500,0,0,25.809177,125.943192,0.000042,151.867916,151.867958
1,collision-naive,separated-spheres,Release,AppleClang-21.0.0.21000101,5000,1,2,0.008333,12497500,12497500,0,0,25.293103,121.970525,0.000042,147.402917,147.402959
1,collision-naive,separated-spheres,Release,AppleClang-21.0.0.21000101,5000,2,2,0.008333,12497500,12497500,0,0,25.258905,121.809427,0.000209,147.183542,147.183542
1,collision-naive,separated-spheres,Release,AppleClang-21.0.0.21000101,5000,3,2,0.008333,12497500,12497500,0,0,26.271102,126.397368,0.000042,152.784750,152.784750
1,collision-naive,separated-spheres,Release,AppleClang-21.0.0.21000101,5000,4,2,0.008333,12497500,12497500,0,0,25.777966,124.244590,0.000125,150.140750,150.140750
1,collision-naive,separated-spheres,Release,AppleClang-21.0.0.21000101,5000,5,2,0.008333,12497500,12497500,0,0,25.294735,122.167559,0.000125,147.575125,147.575125
1,collision-naive,separated-spheres,Release,AppleClang-21.0.0.21000101,5000,6,2,0.008333,12497500,12497500,0,0,25.811222,124.717876,0.000000,150.647750,150.647792
1,collision-naive,separated-spheres,Release,AppleClang-21.0.0.21000101,5000,7,2,0.008333,12497500,12497500,0,0,25.515310,123.163933,0.000041,148.797333,148.797375
1,collision-naive,separated-spheres,Release,AppleClang-21.0.0.21000101,5000,8,2,0.008333,12497500,12497500,0,0,25.754360,124.145155,0.000083,150.016083,150.016125
1,collision-naive,separated-spheres,Release,AppleClang-21.0.0.21000101,5000,9,2,0.008333,12497500,12497500,0,0,25.317891,122.082857,0.000125,147.532500,147.532500
