schema,layout,order,build_type,compiler,bodies,step,warmup,gather_ms,kernel_ms,scatter_ms,total_ms,checksum
1,aos,ordered,Release,AppleClang-21.0.0.21000101,100000,0,10,1.760875000,0.699625000,0.977542000,3.438042000,156857525.028827816
1,aos,ordered,Release,AppleClang-21.0.0.21000101,100000,1,10,0.993792000,0.409375000,1.054208000,2.457375000,156850226.262726068
1,aos,ordered,Release,AppleClang-21.0.0.21000101,100000,2,10,0.976041000,0.301084000,1.435166000,2.712291000,156842870.078264773
1,aos,ordered,Release,AppleClang-21.0.0.21000101,100000,3,10,1.959958000,0.308125000,0.421375000,2.689458000,156835456.491269648
1,aos,ordered,Release,AppleClang-21.0.0.21000101,100000,4,10,0.878333000,0.299083000,0.399500000,1.576916000,156827985.525137305
1,aos,ordered,Release,AppleClang-21.0.0.21000101,100000,5,10,0.885209000,0.299041000,0.715834000,1.900084000,156820457.120886862
1,aos,ordered,Release,AppleClang-21.0.0.21000101,100000,6,10,1.014125000,0.298875000,0.452959000,1.765959000,156812871.327148646
1,aos,ordered,Release,AppleClang-21.0.0.21000101,100000,7,10,1.227375000,0.323542000,0.630958000,2.181875000,156805228.067797542
1,aos,ordered,Release,AppleClang-21.0.0.21000101,100000,8,10,1.477459000,0.620375000,0.736083000,2.833917000,156797527.356111139
1,aos,ordered,Release,AppleClang-21.0.0.21000101,100000,9,10,1.249792000,0.409291000,0.504417000,2.163500000,156789769.223167419
1,aos,ordered,Release,AppleClang-21.0.0.21000101,100000,10,10,1.381666000,0.301042000,0.500625000,2.183333000,156781952.185731232
1,aos,ordered,Release,AppleClang-21.0.0.21000101,100000,11,10,0.946750000,0.300291000,0.471834000,1.718875000,156774077.736042798
1,aos,ordered,Release,AppleClang-21.0.0.21000101,100000,12,10,1.365167000,0.327750000,0.525917000,2.218834000,156766145.890173256
1,aos,ordered,Release,AppleClang-21.0.0.21000101,100000,13,10,1.812208000,0.391000000,2.520958000,4.724166000,156758155.185596526
1,aos,ordered,Release,AppleClang-21.0.0.21000101,100000,14,10,1.118750000,0.305750000,0.658292000,2.082792000,156750107.070524663
1,aos,ordered,Release,AppleClang-21.0.0.21000101,100000,15,10,1.180167000,0.309416000,0.557167000,2.046750000,156742000.110789299
1,aos,ordered,Release,AppleClang-21.0.0.21000101,100000,16,10,0.939167000,0.304292000,0.441875000,1.685334000,156733834.282036632
1,aos,ordered,Release,AppleClang-21.0.0.21000101,100000,17,10,0.916916000,0.295417000,0.421625000,1.633958000,156725611.065444410
1,aos,ordered,Release,AppleClang-21.0.0.21000101,100000,18,10,1.069541000,0.300750000,0.588250000,1.958541000,156717330.438151360
1,aos,ordered,Release,AppleClang-21.0.0.21000101,100000,19,10,1.032667000,0.320458000,0.691042000,2.044167000,156708992.406469762
1,aos,ordered,Release,AppleClang-21.0.0.21000101,100000,20,10,0.997250000,0.303458000,0.499958000,1.800666000,156700596.917907476
1,aos,ordered,Release,AppleClang-21.0.0.21000101,100000,21,10,1.172875000,0.523167000,0.659125000,2.355167000,156692143.973620176
1,aos,ordered,Release,AppleClang-21.0.0.21000101,100000,22,10,1.851291000,0.304959000,0.620541000,2.776791000,156683633.557085544
1,aos,ordered,Release,AppleClang-21.0.0.21000101,100000,23,10,1.198833000,0.308709000,0.608875000,2.116417000,156675065.734805107
1,aos,ordered,Release,AppleClang-21.0.0.21000101,100000,24,10,1.949000000,0.426875000,0.495125000,2.871000000,156666440.476563662
1,aos,ordered,Release,AppleClang-21.0.0.21000101,100000,25,10,0.958625000,0.304375000,0.419792000,1.682792000,156657757.816894531
1,aos,ordered,Release,AppleClang-21.0.0.21000101,100000,26,10,0.900625000,0.291458000,0.407542000,1.599625000,156649017.780464351
1,aos,ordered,Release,AppleClang-21.0.0.21000101,100000,27,10,0.921833000,0.290917000,0.442375000,1.655125000,156640220.307269037
1,aos,ordered,Release,AppleClang-21.0.0.21000101,100000,28,10,0.969834000,0.300041000,0.338792000,1.608667000,156631365.445125043
1,aos,ordered,Release,AppleClang-21.0.0.21000101,100000,29,10,0.821042000,0.283292000,0.524791000,1.629125000,156622453.153932750
1,aos,ordered,Release,AppleClang-21.0.0.21000101,100000,30,10,0.831625000,0.296083000,0.333792000,1.461500000,156613483.444871217
1,aos,ordered,Release,AppleClang-21.0.0.21000101,100000,31,10,0.819750000,0.435291000,0.447042000,1.702083000,156604456.350722790
1,aos,ordered,Release,AppleClang-21.0.0.21000101,100000,32,10,0.839292000,0.299458000,0.304292000,1.443042000,156595371.797305733
1,aos,ordered,Release,AppleClang-21.0.0.21000101,100000,33,10,0.820375000,0.301041000,0.323417000,1.444833000,156586229.777478397
1,aos,ordered,Release,AppleClang-21.0.0.21000101,100000,34,10,0.825459000,0.301083000,0.350167000,1.476709000,156577030.324338615
1,aos,ordered,Release,AppleClang-21.0.0.21000101,100000,35,10,0.814334000,0.281958000,0.368667000,1.464959000,156567773.386056244
1,aos,ordered,Release,AppleClang-21.0.0.21000101,100000,36,10,0.839083000,0.285708000,0.392625000,1.517416000,156558459.036979020
1,aos,ordered,Release,AppleClang-21.0.0.21000101,100000,37,10,0.903833000,0.316208000,0.320459000,1.540500000,156549087.232662678
1,aos,ordered,Release,AppleClang-21.0.0.21000101,100000,38,10,0.807459000,0.290000000,0.319833000,1.417292000,156539657.967135280
1,aos,ordered,Release,AppleClang-21.0.0.21000101,100000,39,10,0.832000000,0.390291000,0.731834000,1.954125000,156530171.309039533
1,aos,ordered,Release,AppleClang-21.0.0.21000101,100000,40,10,0.889458000,0.330208000,0.380625000,1.600291000,156520627.245964199
1,aos,ordered,Release,AppleClang-21.0.0.21000101,100000,41,10,0.817083000,0.282500000,0.327500000,1.427083000,156511025.793104768
1,aos,ordered,Release,AppleClang-21.0.0.21000101,100000,42,10,0.828250000,0.284042000,0.320666000,1.432958000,156501366.939572752
1,aos,ordered,Release,AppleClang-21.0.0.21000101,100000,43,10,0.815625000,0.282000000,0.300709000,1.398334000,156491650.666796148
1,aos,ordered,Release,AppleClang-21.0.0.21000101,100000,44,10,0.817250000,0.288583000,0.307000000,1.412833000,156481876.883478940
1,aos,ordered,Release,AppleClang-21.0.0.21000101,100000,45,10,0.919583000,0.284917000,0.324375000,1.528875000,156472045.658363342
1,aos,ordered,Release,AppleClang-21.0.0.21000101,100000,46,10,0.819333000,0.289375000,0.298958000,1.407666000,156462156.980055779
1,aos,ordered,Release,AppleClang-21.0.0.21000101,100000,47,10,1.014417000,0.321625000,0.394958000,1.731000000,156452210.863420367
1,aos,ordered,Release,AppleClang-21.0.0.21000101,100000,48,10,0.821125000,0.281709000,0.309375000,1.412209000,156442207.334799439
1,aos,ordered,Release,AppleClang-21.0.0.21000101,100000,49,10,0.929084000,0.302666000,0.481042000,1.712792000,156432146.350979984
1,aos,ordered,Release,AppleClang-21.0.0.21000101,100000,50,10,0.815208000,0.281750000,0.331584000,1.428542000,156422027.978649974
1,aos,ordered,Release,AppleClang-21.0.0.21000101,100000,51,10,0.810750000,0.287083000,0.300583000,1.398416000,156411852.176902115
1,aos,ordered,Release,AppleClang-21.0.0.21000101,100000,52,10,0.816167000,0.280458000,0.309875000,1.406500000,156401618.957494140
1,aos,ordered,Release,AppleClang-21.0.0.21000101,100000,53,10,0.938250000,0.281208000,0.314167000,1.533625000,156391328.352732718
1,aos,ordered,Release,AppleClang-21.0.0.21000101,100000,54,10,0.809458000,0.293375000,0.297583000,1.400416000,156380980.140294820
1,aos,ordered,Release,AppleClang-21.0.0.21000101,100000,55,10,0.929583000,0.365334000,0.423208000,1.718125000,156370574.534155846
1,aos,ordered,Release,AppleClang-21.0.0.21000101,100000,56,10,0.820000000,0.307959000,0.307041000,1.435000000,156360111.530387968
1,aos,ordered,Release,AppleClang-21.0.0.21000101,100000,57,10,0.811542000,0.287625000,0.298667000,1.397834000,156349590.929894090
1,aos,ordered,Release,AppleClang-21.0.0.21000101,100000,58,10,0.926375000,0.556542000,0.517500000,2.000417000,156339012.846911371
1,aos,ordered,Release,AppleClang-21.0.0.21000101,100000,59,10,0.921042000,0.388416000,0.744792000,2.054250000,156328377.142676234
1,aos,ordered,Release,AppleClang-21.0.0.21000101,100000,60,10,2.693833000,0.486334000,0.936708000,4.116875000,156317683.793797374
1,aos,ordered,Release,AppleClang-21.0.0.21000101,100000,61,10,1.360041000,0.604875000,0.506417000,2.471333000,156306933.052794337
1,aos,ordered,Release,AppleClang-21.0.0.21000101,100000,62,10,1.896792000,0.319166000,0.579959000,2.795917000,156296124.888474613
1,aos,ordered,Release,AppleClang-21.0.0.21000101,100000,63,10,1.577334000,0.685750000,0.550958000,2.814042000,156285259.318677902
1,aos,ordered,Release,AppleClang-21.0.0.21000101,100000,64,10,1.215333000,0.299333000,0.408584000,1.923250000,156274336.363929182
1,aos,ordered,Release,AppleClang-21.0.0.21000101,100000,65,10,0.961917000,0.299875000,0.527708000,1.789500000,156263355.989608526
1,aos,ordered,Release,AppleClang-21.0.0.21000101,100000,66,10,1.086291000,0.405334000,0.544166000,2.035791000,156252318.178519845
1,aos,ordered,Release,AppleClang-21.0.0.21000101,100000,67,10,0.896209000,0.327875000,0.598416000,1.822500000,156241222.962162614
1,aos,ordered,Release,AppleClang-21.0.0.21000101,100000,68,10,0.888500000,0.309000000,0.908500000,2.106000000,156230070.328719914
1,aos,ordered,Release,AppleClang-21.0.0.21000101,100000,69,10,0.988500000,0.319792000,0.510375000,1.818667000,156218860.292492986
1,aos,ordered,Release,AppleClang-21.0.0.21000101,100000,70,10,0.899667000,0.299708000,0.573792000,1.773167000,156207592.880144328
1,aos,ordered,Release,AppleClang-21.0.0.21000101,100000,71,10,1.020500000,0.298958000,0.796542000,2.116000000,156196267.958478510
1,aos,ordered,Release,AppleClang-21.0.0.21000101,100000,72,10,0.876083000,0.298583000,0.417375000,1.592041000,156184885.613384038
1,aos,ordered,Release,AppleClang-21.0.0.21000101,100000,73,10,1.493167000,0.324416000,0.433542000,2.251125000,156173445.802014828
1,aos,ordered,Release,AppleClang-21.0.0.21000101,100000,74,10,0.873500000,0.299875000,0.366542000,1.539917000,156161948.555459619
1,aos,ordered,Release,AppleClang-21.0.0.21000101,100000,75,10,0.878542000,0.294250000,0.376292000,1.549084000,156150393.923344910
1,aos,ordered,Release,AppleClang-21.0.0.21000101,100000,76,10,0.916459000,0.302625000,0.581291000,1.800375000,156138781.831028879
1,aos,ordered,Release,AppleClang-21.0.0.21000101,100000,77,10,0.896916000,0.298542000,0.355958000,1.551416000,156127112.344969153
1,aos,ordered,Release,AppleClang-21.0.0.21000101,100000,78,10,1.110958000,0.297292000,0.412583000,1.820833000,156115385.461890250
1,aos,ordered,Release,AppleClang-21.0.0.21000101,100000,79,10,0.852584000,0.298916000,0.383709000,1.535209000,156103601.129117072
1,aos,ordered,Release,AppleClang-21.0.0.21000101,100000,80,10,1.823042000,0.305167000,0.459708000,2.587917000,156091759.385631531
1,aos,ordered,Release,AppleClang-21.0.0.21000101,100000,81,10,0.915708000,0.297959000,0.511625000,1.725292000,156079860.206685662
1,aos,ordered,Release,AppleClang-21.0.0.21000101,100000,82,10,0.920792000,0.298042000,0.342458000,1.561292000,156067903.564449251
1,aos,ordered,Release,AppleClang-21.0.0.21000101,100000,83,10,0.871334000,0.298291000,0.401000000,1.570625000,156055889.494172275
1,aos,ordered,Release,AppleClang-21.0.0.21000101,100000,84,10,0.886958000,0.292000000,0.429417000,1.608375000,156043817.947328568
1,aos,ordered,Release,AppleClang-21.0.0.21000101,100000,85,10,0.873875000,0.298291000,0.392917000,1.565083000,156031688.960689127
1,aos,ordered,Release,AppleClang-21.0.0.21000101,100000,86,10,0.874833000,0.299833000,0.446125000,1.620791000,156019502.586768657
1,aos,ordered,Release,AppleClang-21.0.0.21000101,100000,87,10,1.580875000,0.301083000,0.424375000,2.306333000,156007258.776636183
1,aos,ordered,Release,AppleClang-21.0.0.21000101,100000,88,10,0.888125000,0.308916000,0.432459000,1.629500000,155994957.163462788
1,aos,ordered,Release,AppleClang-21.0.0.21000101,100000,89,10,0.874042000,0.297500000,0.430625000,1.602167000,155982598.143045664
1,aos,ordered,Release,AppleClang-21.0.0.21000101,100000,90,10,1.057917000,0.352750000,0.542500000,1.953167000,155970181.729400992
1,aos,ordered,Release,AppleClang-21.0.0.21000101,100000,91,10,0.916084000,0.302041000,0.523584000,1.741709000,155957707.888991416
1,aos,ordered,Release,AppleClang-21.0.0.21000101,100000,92,10,1.119875000,0.301334000,0.594541000,2.015750000,155945176.674330354
1,aos,ordered,Release,AppleClang-21.0.0.21000101,100000,93,10,1.072958000,0.730959000,0.662166000,2.466083000,155932588.020294309
1,aos,ordered,Release,AppleClang-21.0.0.21000101,100000,94,10,1.820792000,0.560500000,0.497000000,2.878292000,155919941.980266362
1,aos,ordered,Release,AppleClang-21.0.0.21000101,100000,95,10,1.057458000,0.302500000,0.513084000,1.873042000,155907238.510288477
1,aos,ordered,Release,AppleClang-21.0.0.21000101,100000,96,10,1.497375000,0.307792000,0.787500000,2.592667000,155894477.550778955
1,aos,ordered,Release,AppleClang-21.0.0.21000101,100000,97,10,2.011708000,1.401792000,0.801125000,4.214625000,155881659.169204831
1,aos,ordered,Release,AppleClang-21.0.0.21000101,100000,98,10,1.597625000,0.582625000,0.487667000,2.667917000,155868782.558495820
1,aos,ordered,Release,AppleClang-21.0.0.21000101,100000,99,10,0.961084000,0.364166000,0.543542000,1.868792000,155855848.553295195
