schema,benchmark,scene,build_type,compiler,bodies,step,warmup,timestep_s,candidate_pairs,collision_checks,contacts,correction_checks,broad_phase_ms,narrow_phase_ms,solver_ms,physics_step_ms,total_frame_ms,cell_size,hash_build_ms,query_ms,total_collision_ms,pair_reduction_percent
2,collision-naive,paired-spheres,Release,AppleClang-21.0.0.21000101,10000,0,2,0.008333,49995000,49995000,5000,20000,102.846147,488.327991,0.813083,592.364208,592.364250,3.000000,0.000000,102.846147,592.280500,0.000000
2,collision-naive,paired-spheres,Release,AppleClang-21.0.0.21000101,10000,1,2,0.008333,49995000,49995000,5000,20000,101.735835,486.460780,0.798791,589.369458,589.369500,3.000000,0.000000,101.735835,589.284666,0.000000
2,collision-naive,paired-spheres,Release,AppleClang-21.0.0.21000101,10000,2,2,0.008333,49995000,49995000,5000,20000,101.465216,484.385194,0.801167,587.029666,587.029708,3.000000,0.000000,101.465216,586.947625,0.000000
2,collision-naive,paired-spheres,Release,AppleClang-21.0.0.21000101,10000,3,2,0.008333,49995000,49995000,5000,20000,101.503882,485.350143,0.787083,588.014625,588.014667,3.000000,0.000000,101.503882,587.932875,0.000000
2,collision-naive,paired-spheres,Release,AppleClang-21.0.0.21000101,10000,4,2,0.008333,49995000,49995000,5000,20000,101.623631,486.191889,0.800334,588.991625,588.991625,3.000000,0.000000,101.623631,588.910709,0.000000
2,collision-naive,paired-spheres,Release,AppleClang-21.0.0.21000101,10000,5,2,0.008333,49995000,49995000,5000,20000,101.753366,485.508455,0.813167,588.451125,588.451167,3.000000,0.000000,101.753366,588.370709,0.000000
2,collision-naive,paired-spheres,Release,AppleClang-21.0.0.21000101,10000,6,2,0.008333,49995000,49995000,5000,20000,106.020171,526.282219,0.789792,633.474084,633.474084,3.000000,0.000000,106.020171,633.392083,0.000000
2,collision-naive,paired-spheres,Release,AppleClang-21.0.0.21000101,10000,7,2,0.008333,49995000,49995000,5000,20000,103.091007,493.415067,0.808500,597.711459,597.711541,3.000000,0.000000,103.091007,597.608667,0.000000
2,collision-naive,paired-spheres,Release,AppleClang-21.0.0.21000101,10000,8,2,0.008333,49995000,49995000,5000,20000,102.370266,489.077517,0.848500,592.666875,592.666875,3.000000,0.000000,102.370266,592.585833,0.000000
2,collision-naive,paired-spheres,Release,AppleClang-21.0.0.21000101,10000,9,2,0.008333,49995000,49995000,5000,20000,108.244610,535.344675,0.827750,644.830167,644.830208,3.000000,0.000000,108.244610,644.743834,0.000000
